Sentence,Tagged_Sentence
Thank you seller provide fast delivery,_
Alhamdulillah nice products good price keep up good job seller,_
ü§©ü§©ü§© maceh seller hehe,_
Jam lawa sangat tapi tgn gemuk tak muat hahahaha,_
kaki saya agak ketat cikit bahagian depan kene kerap pkai bgi besar cikit,_
I always change for my son to keep hygiene,_
Alhamdulillah barang diterima dengan selamat Semua warna cantik dan jahitan kemas,_
Convenient for travel,_
Sgt berbaloi beli helmet ni,_
Laju oii,_
"Since charge delivery dah naik, dah kurang bagi tips kat rider",_
"Selagi tiada pengumuman rasmi dari TRW Kelantan atau saya sendiri, maka pemain import atau tempatan yang dikaitkan adalah tidak rasmi",_
Apapun overall good heee,_
sibuk bebenor,_
They wrapped the detergent together with food and it spilled and contaiminated the food,_
Tgu,_
"belum cuba lagi, harap2 memenuhi citarasa",_
Cool and awesome $MENTION$,_
semoga murah rezeki & semoga di permudahkan urusan,_
"Da try blender, bateri thn lama dgn elok hancur bwg semua",_
cantik tapi belah kanan tu cam tak stabil sikit bolehla pakai jalan sekejap lama2 tu tak boleh ahah,_
"Good service from seller, before and after buy",_
brg smpai dlm keadaan yg boekk,_
Ank suke sgt main,_
kain cantik & berkualiti,_
"Tak pernah mengecewakan, beli time murah je",_
Functionality:ok cuma xde sarung bantal,_
Barang diterima dengan baik siap dapat free gift lagi,_
tapi tak teruk pun pudarnya,_
"Naik atau tidak, tunggu keputusan yang akan diputuskan oleh Kabinet, katanya kepada pemberita selepas majlis penyampaian sumbangan Kedutaan China di Malaysia kepada Jabatan Agama Islam Wilayah Persekutuan (JAWI) Food Bank di sini hari ini",_
I love you Bangtan,_
"Spray function, NO silica pad given",_
"hari tu xxl , besarr selesa ,harini xl saiz ngam2 , wrna smua cantik2",_
-Barang diletak dalam kotak dan dibungkus dengan baik bersama bubble wrap,_
Kain kualiti bagus saya dah bli dua2 warna,_
Ni baru nak rate,_
Barang kuality terbaik,_
"6, later than the original December deadline",_
beli 32paket dapat 31 paket sahaja,_
Lanjut nabung aja sampe 10jt+ &amp,_
It's easy to use and reuse,_
Aaaaaaa fall in love plak dgn XES nii,_
The parcel is not secured but thankfully it safely arrived,_
Srs berbaloi gila beli yg nih,_
Kain best woo,_
Only this type can be used,_
Antara kedai favorite kat shoppe sbb dah bnyak barg elektronik beli kat sini berkualiti n tahan lama,_
senang bila dipakai,_
Clour cntikkkkkkk sgt,_
"However, relying on MDA authentication itself is not foolproof as there may be counterfeits, he said",_
Thank you seller for wrapping and packaging the products so nicely in a box,_
Durability:sejenis senang lekat,_
just 1 size bigger,_
Selesa kain tak jarang,_
"Products came in good condition, but delivery took 6 days since order was submitted",_
s fucking having an orb with Susan to be put in my recommended,_
sehingga kedua nama buah ini telah,_
Memang terbaik seller laju buat kerja,_
"Already used to buy with this seller,",_
Penghantaran yang sangat lambat dan menyusahkan pembeli,_
Ini bukanlah sebuah senarai yang lengkap,_
Good stuff OPPO,_
It also took preventive measures to avoid migrants from overstaying in the country,_
ank2 suka carton2 at spender,_
"Sementara itu, maklumat salah menjadi gangguan yang berterusan pada 2021, menghalang usaha untuk mengatasi wabak itu",_
Material ok best bau baju pun wangi sgt sgt lpasni boleh repeat order lgi,_
The cotton fabric not too thick or thin,_
Charging very well,_
Saya juga suka pemberian itu,_
Osaka also pulled out of a warm-up event in the build-up to last year's Australian Open with a niggling injury,_
- Almarhum Sheikh Dr,_
Nice product to be buy from this shop,_
So farr okee dengan hargaa,_
Well pack with multiple bubble wrap,_
nti repeat bag yg besar pula,_
kedai ni semua beg murah2,_
"Dah 3 botol consume, baru try vanilla and chocolate tapi lagi sukaaa vanilla",_
skirt dr bandoruuu dh smpaiii,_
"Selain itu, Pakar Kesihatan Komuniti Universiti Kebangsaan Malaysia (UKM), Prof Dr Sharifa Ezat Wan Puteh, berkata pelancong asing juga turut diwajibkan mengemukakan keputusan ujian Real-Time Reverse Transcription-Polymerase Chain Reaction (RT-PCR) dan status COVID-19 demi membendung penularan virus",_
Dedua good service,_
tapi kasut cantik sangat and good quality,_
Durability:semua nye baik2 belaka,_
Imagine you are one of the lucky winners of this phone,_
"Jisung and chenle came home ,",_
maaf gambar vidoe takde kaitan sebab taksempat snap dah guna hihihi,_
dengan kotak takde,_
Senang bila ada byk perisa ni,_
Mixed between size 32 and 34,_
btw dia bagi free bag and kain lap tu,_
ada baucer,_
"Fast delivery, the product is received in good condition, around 180gram",_
3) love the characters and morals,_
The duckk is so cuteeee,_
seller bagi 4meter,_
Quality:tali pun agak kukuh,_
Product legit by trusted seller,_
Sooooo satisfied,_
"Cpt gila sampai, order smlm then harini sampai, packaging sumpah terbaik and safely, tak rasa lagi tapi saya rasa mesti sedappp ni, thank you seller",_
Puas hati sangat¬≤ nati usha¬≤ patern lain plk,_
$MENTION$ Love ya,_
"The world's largest memory chip and smartphone maker said it expected growth across its chip business this year, as well as in smartphones, although supplies of non-memory chips were likely to remain tight",_
beli kan untuk anak saiz L tq seller,_
kalau nak mkn utk ramai jenuh juga ni,_
01 but still hopefuls $MENTION$,_
"puaih hati cepat sampai,",_
Menteri Kanan Kerja Raya Malaysia,_
That kitchen is so clean,_
penghantaran sangat cepat dan produk sangat baikkk,_
Next time i buy another time if i have a plan of using it,_
Beli khas untuk buyer yang beli tudung loffheejab,_
okay dan tahan lama,_
10 dah sampaiü§©ü§©ü§©,_
warna pink takda,_
o really love it and the quality is very recommended,_
Very bad Seller,_
"This latest installation, portraying love, hope, nurture, protection and support, is inspired by the majestic Malayan tiger, which is an endangered species",_
x menyesal beliü•∞ü•∞ü•∞,_
PROSES PENGHANTARAN YANG SANGAT CEPAT,_
Bungkusan dngn kmas terbaik lh,_
Naseb member tak kisah,_
Got pockets for the romper,_
The Programme's athletes first test will be at the Hanoi SEA Games in December next year followed by the Hangzhou Asian Games and Birmingham Commonwealth Games in 2022,_
Lagi teruk kalau pecah,_
Fast delivery only take 1 day using jnt,_
Cantik & berkualiti sesuai harga,_
tenkiu so much,_
Sangat2 pendek ya klau pakai,_
Waterproof:the colour is so pretty!,_
Boleh share dgn husband,_
penghantaran sangat pantas semalam oder pagi ni dah sampai depan pintu rumah,_
Not the same as before,_
Good product quality good for money,_
So mmg nice sgt,_
Lampu salah beli,_
sy beli ye semua mask tersebut,_
siap ada pesanan lagi tuk abang pos,_
mula2 nak tukar size 40,_
Jam ni xda kena mengena,_
Cume shopee express biase la,_
"barang sampai dengan selamat , barang memang original guysss",_
"With that in mind, there are some specific steps that the tourism industry can take to ensure the success of Vietnam tourism in the months and years ahead",_
Pemghtran dr seller agak lambt,_
Fast derlivery,_
memang lepas sujud komferm da lari arah msa nk bngun,_
Already received the order today,_
Semua ok and i am satisfied,_
"btw tq,lepas ni kena buat pembungkusan yg lebih kemas lagi",_
4bintang sebab barang sampai dah lebih dr tempoh sepatutnya diterima,_
Xde manual chrge,_
"Thank you seller, barang sampai dengan baik , packaging mantap mmg padu stokin murah dan berkualiti heheheehehheeh thank you",_
panjang standard,_
It is the first such recount since the Central American country started holding free elections in 1982 following almost two decades of military dictatorship,_
I received with good packing,_
Until it is opened directly,_
Alhamdulillah great product from indo,_
"Cepat je pos, beg pun nampak exclusive",_
"Wangi sgt bli bnyk2 blih sngkut dlm almari,kereta bau memng best gilablih la repet oder klu tahan lama bau dia",_
Bnyk kli repat kt kedai nie,_
ade 1 buku order yg suoer wing,_
semua smpi dgn slamat!,_
Beli utk kahwin,_
Good secure packing,_
"Service pantas, packaging bagus,harga sangat berpatutan",_
Kasut cantik tapi besar kt kaki,_
"Beg cantik sama mcm dalam gambar, sangat memuaskan, barang cepat sampai walaupun dari cina",_
TERIMA KASIH MANTUL TERIMA KASIH MANTUL TERIMA KASIH MANTUL TERIMA KASIH MANTUL TERIMA KASIH,_
kito v love tu,_
"Soft material, good for light use within house compound, don't wear it outside expecting it to last",_
tapi nasib baik brg smpai dgn selamat & baik,_
MEMANG TTERBAIKK,_
Got it during flash sale murah la compared to harga aeon,_
tq tq tq tq Tq tq tq tq tq tq tq tq tq tq tq tq,_
Nak guna utk pdpr anak-anak dan anak murid,_
Beli baju n sluar size L,_
Sudah selamat sampai parcelnye,_
Will not stay open - closes as soon as I open,_
sy hrap seller check dlu sblom POS,_
Good price and has a lot of variety in the store and great way to try out,_
The only problem I have with this one is sometimes the camera don&$HASHTAG$,_
Smua barang cukup dan tak rosak,_
Mak sy nk oder jugak,_
Ni anak punya la harap nk warna purple,_
I mght go for a 6a then,_
Me encanta sus videos,_
Laju Smpai Sabah,_
barang padu la ikut harga mampu milik,_
maaf tiada gambar dan video sebab pos ke rumah untuk ibu,_
very nice and cute pakaging,_
Walaupon lambat sikit delivery,_
Yg 1st Oder 4 helai baju merah + 1 helai baju kuning,_
Secure packaging and fast delivery ^^ highly recommended,_
seller pon laju shippout,_
"Media sebelum ini melaporkan bahawa tiga bank Malaysia dinamakan sebagai antara ketua pemiutang tidak bercagar Genting Hong Kong, dengan gabungan pendedahan sebanyak AS$600 juta (RM2",_
"Semalam order, hari ni sampai kotak hancur tak apa, yang penting isi",_
x sempat itu ari,_
"If I were to rate just the app, this would be a 4",_
"Not bad, I ordered size 40 but it's smaller than other brand's",_
"Tq so much, really like it",_
"saiz dh cun but kaki i jenis kurus,jd nmpk cm",_
Rmai y sk,_
"thank youu seller, very fast delivery, kualiti kain sangat baik, berbaloi dengan hargaa, yg colour putih memang akan jarang ya, perlu pakai inner neck, tapi overall semuaa okay ,",_
Jinnie&$HASHTAG$,_
Well wrapped by seller,_
Berus sngt lembut walaupun murah,_
The bottles are are all in good conditoon,_
Quite frustrated,_
senang nk faham,_
One Plus has always been my dream phone but I&$HASHTAG$,_
kain cntik tebal elok trima ksih saller nnt bleh repeat order LG,_
thank you thank you thank you there's no dent or bent at all received in a good condition for sure will buy from this shop again,_
Ringan je tilam ni,_
Gamboo bajuu takdeeee lorhhh,_
Bought already many times,_
smoga sntiasa d murahkn rzki aminü§≤,_
Puas hati sangat ü§ç,_
Ambik 2 size besar but tak try lagi sebab sampai dekat rumah husband,_
Payahh mengecewakan,_
Joe Flizzow is a bachelor no more,_
"Hope to win this phone because Literally, this is one of the best phones out there",_
"item received in a good condition, good packaging n good money for good value",_
They are one of the country&$HASHTAG$,_
love how it works on me,_
sy recomen,_
"The office and services segments are also expected to remain stable, said the research house",_
You're loosing customers,_
terbaikk brg2 dari momo tapi klau lepas ni ada free shipping lagi best,_
Securely packed !,_
Tulisan Yamaha kecil yg banyak tu pun ada,_
ambik masa seminggu,_
its really a good app very fast to order stuff,_
woww nanti byk minum sakit kencing manis ooo,_
ARIGATO,_
"Earlier this week, Nubank, Latin America's biggest fintech, was forced to trim its planned valuation in an initial public offering by 20 to roughly $40 billion after facing weak demand from investors",_
82829393$2!2'naocodkwbsndkdosoisn I don't understand why you can't stop talking to my text messages to cancel my phone call call or reply text saya reply text dia reply text saya reply,_
Tapi motor kipas 2 tu boleh pakai,_
"Buih banyak, wangi bau epal segar",_
Kemassssss keminggg,_
"Fast ship out just the JnT problem, but seller take action very fast",_
tak pe nanti orde lg saix xxl,_
Maau download aja harus ada wi-fi padahal kan ada kuota nya gmn caranya?,_
Condition produk ok terbaik,_
Rumah lantai tiles jadi kena pakai slipper untuk elak sakit tumit,_
Kualiti kain elok dr yang berjenama,_
Thank you seller btw puas hatii,_
"Ordered and Received the USA VITAMIN D3 supplement,",_
"tudung dah sampai lama dah,baru nak rate",_
Best clothing app,_
And taking that camera and putting it into this phone is great too,_
My kids always laugh when they hear the device,_
"Goods received in good condition and thanks, quite fast",_
and Cisco Systems Inc,_
Sharp colour,_
Warna inner yang cantik,_
Cara macam ni la bagus,_
Thank you for free face tissue,_
if you really want to spend more money we can offer you this high end product (9pro) but you really dont have to spend that money because look at what we can offer for half that price (nord2)&quot,_
Nampak exclusive ü§©ü§©ü§©ü§©ü§© nanti repeat lagi,_
Tapi dress singkat,_
Sy beli 1kg packing dalam balang ü§ó,_
cantik dan mesra pengguna,_
Seluar ni love teruk,_
Kainnya tebal and selesa kt kaki bila pakai,_
Pagi ni terus sampai penghntaran laju seller bagus order je terus drop barang tak tunggu lama,_
"tertanya tanya jugak kenapa lambat sangat nak sampai nihhh,",_
"We had Leeds in the Cup and in the league game and because of how Leeds play with a high energy game, Moyes told reporters",_
Tq barang da sampai dngn cpat,_
Tq seller item d bungkus dgn rapi,_
syukur nenek suka,_
maaf aq gak bisa bahasa mandarin dan inggris,_
Sgt cntik2 smua bracelet & ring,_
Seller servis padu,_
00 We regret to inform that there is a scheduled maintenance on 26/05/22 from 1AM-5AM,_
Taste:sambal kentang ok,_
Terbaikk n pantas penghantaran,_
will repeat again sorry gmbr dgn vid takde kena mengena,_
"Not bad, very fast delivery",_
"Alhamdulillah dah sampai, cepat penghantaran, kainnya x tebal mcm biasa",_
"Kita describe lah eh skirt ni, so senanb utk korang yg nak beli",_
Nice product with good packaging,_
"Pinggang 25, hip 33,",_
Taste:the usual instant coffee taste of Nescafe,_
Thank you so much for fast delivery and cute + safe packaging really recommended this store also give a lot of coins and discounts more buy more less ü•∫,_
dahla dapat free 1,_
"Kalau pos awal mesti dapat awal, tapi xpelah, janji dapat semua yg di order",_
Cepat betholll sampai terbaik la,_
alhamdulillah ckup yg sy order,_
"Received in good conditions, very well packaging, tq seller",_
tak rasa terlalu heavy,_
Kemarin order harini dah sampaiü•∞ Kain sedap pakai selesa sedang elok,_
Next biru pula nanti,_
Helpful service by seller,_
"Bungkusan sangat baik, penghantaran cepat",_
Overall happy with it thanks seller,_
bole pakai basahan,_
Camera memang agak mahal sedikit banding kedai lain,_
W I'm,_
The little pet is cute and mascot head,_
Memudahkan penjagaan mask untuk anak tkade la ilang je manjang,_
suke sangat sangat maggi,_
"Not really like this after tried, prefer normal nail polish",_
"And i got ten pc, sungchan sticker and taeil postcard",_
sesuai pakai kat rumahhhh,_
Both model are user friendly,_
Kar Phui Kimberly macam not bad,_
RM0 Air Selangor: Makluman Awal: Kerja pencucian paip agihan di Bdr Country Homes pada jam 9,_
Memang sangat¬≤ berbaloi beli dah la murah cepat pulak sampai kotak kemek sikit sbb x letak dlm kotak,_
tapi mcm muat2 je 10kg pny beras,_
Sedap ja pedas n murah thanks,_
we need a full review with pros and cons,_
The developer is also urged to deepen Sungai Ampang and carry out desilting work at several spots of the river as well as cover the exposed areas with grass,_
Welcome to poco family,_
thank you courie hantar barang saya dengan selamat,_
agak ketat bahagian legan dan ketiak,_
"Good product quality, comfortable to wear, nice colours, trusted seller!",_
pembungkusan pn sangat baik,_
"Kucing pun dah buat spotcheck, semua ok dan berbaloi",_
"Ni pn blum habis sbotol, sya order lgi",_
boekkkkokkkkkkkkkkokkkkkkokkkokokokokokokokokokkkkkkkk,_
request nk wish card birthday tp xde,_
nk clear gallery hanfon,_
If need more will purchase again,_
Cuma bertanya berkenaan packaging sbb nmpk mcm dah kena 'checking' dulu bru sampai kpd customer,_
Thank you Seller for the cheapest price offer,_
not that much now :(,_
"smpai dgn pntas , thnkiu seller",_
pening kepala,_
"sblm ni bli saiz 36 tp patern lain,cup dh muat cuma lilit badan ketat,ni pilih saiz 38 cup dia bsr sikit tp lilit badan dh ok,xsendat,baru selesa",_
laptop fit perfectly,_
i m happy buying this,_
Arrive with free gift!,_
Will definitely buy somemore,_
Menghormati kebudayaan,_
TV in superb condition,_
span nampak berkualiti,_
seller Terbaik seller,_
Mainan bagus untuk anak,_
"Barang sudah sampai,bungkusan elok, kualiti bagus, berbaloi terima kasih",_
Facemask nipis sikit tapi tetap waterproof,_
Pos pun laju sahaja,_
suke btol die dapat duk dlm ni,_
Terbaik cuma paras dada je untuk ketinggian 145cm,_
Prices of the products are quite good especially if you are a shopee mart member,_
Glovemakers also pared recent gains,_
RSDH dimiliki bersama oleh Sime Darby Berhad dan Ramsay Health Care Australia,_
Cantikk cantik cantik cantikk cantik cantik cantikk cantik cantik cantikk cantik cantik cantikk cantik cantik cantikk cantik cantik cantikk cantik cantik,_
Kne pakai bllouse yg tutup bontot,_
Sometime seller busy but they will reply you,_
"Ngam je ambik 37 , rasa macam better ambik dua size lebih kot",_
gambar xde kaitann,_
my/5880 to enjoy this deal,_
smpi dngn betul dn tepat alhmdulillah,_
"Wow, i don't regret shopping here",_
kain ok berbaloi dgn harga nanti boleh repeat lagi penhantaran cepat thanks sellerü•∞,_
Quality:So far nice,_
But I punya camera control tu tak boleh nak connect dengan jam,_
Quality:bought this tumblr for my friend as a birthday present and she likes it!,_
Supports fast charging on compatible devices,_
s my precious!,_
Taste:so good taste like coffee,_
The colour is random,_
direct electrik baru boleh swing,_
Thank you seller ü•∞ü•∞ü•∞ü•∞ü•∫ü•∫ü•∫ü§≠ü§≠ü§≠ü•∫ü§≠ü•∫ü§≠ü•∫ü•∫,_
Wujudkan konsep bank tanah bina rumah mampu milik - CUEPACS,_
"Beli saiz paling besar, puas budk¬≤ mandi",_
Okaylah kalau nk buat pakai jogging ke apa,_
anak simpan duit raye,_
"The bag is pretty good for 20k, the packing is neat, the material is good even though it is a bit rough, thank you seller",_
Can consider good quality as compare to the price I paid for it,_
It's a usable face shield,_
Receive in 2 days after payment due to trafficking on postage operator,_
Good product and thumbs up,_
"Kami berdepan jadual padat, minit permainan yang tinggi untuk pemain-pemain yang turut bergelut dengan ancaman COVID-19",_
Luckily there are safe and ok,_
When I saw the shop name I must have to text Wayne Kang everyday he must calling this name many times,_
Penghantaran yg sgt laju semalam order hari ni dah sampai,_
Kotaknya kaya kotak dancow,_
malam2 pun balas mesej jika ada pertanyaan,_
Memang bersih lah tapi carpet tebal tu mungkin kena banyak kali,_
Product quality: 10/10 (I really like the taste),_
The seller has already sent another,_
"thanks saller, brg laju je smpai",_
and they say it means the rider is on the way) nor contact the rider,_
Received my order the next day ü•∞ü•∞ thank you seller,_
Baupun wangi,_
Bila nak promo lagi?,_
Service terbaik dari shop ni,_
Sangat Bagus sangat membantu,_
Try to submit support request but cannot get through,_
JNT baik,_
Jam yg sgt comell,_
"Superbbbb,",_
Share your experience and help others make better choices!,_
mmg redmi 9a takde gyro cmna nk on,_
Boleh stretch,_
Kotak tebal dan sampai dlm keadaan yg baik,_
Colors are funky,_
it came nicely and there's no damage on the album ofc ü§©ü§© gonna repeat buying from this shop,_
Love this hazelnut blackforest,_
Would be awesome to own one,_
my friend really like it!,_
worth it with price,_
3 May - Placed order,_
It safely arrived with no defects,_
But kind of disappointed that both also dented,_
"Dah sampai , cantik sangat kain ngam teruks , tq saller",_
muat semua ank pakai,_
Dari kacau guna tangan,_
"anak umur 8thn pakai size m ngam2, harga sgt2 murah tudung kaler putih nila, iner tu cm besar tp muat je kepale anak hahaha",_
Siap blh pusing2 lg n blh dicaj walau pun di mana2,_
Barang tak sampai taman nak nilai,_
Baaaiiiiik Baaaiiiiik Baaaiiiiik Baaaiiiiik Baaaiiiiik,_
"Sangat sangat cute,",_
Good mask quality original from Korea,_
Tapi Puas Hati Sangat2,_
Lama jgk tggu walaupun guna J&T Express,_
Berminat wasap,_
Pape pon kain sedap,_
Mudah nk conteng sebab brush die tu lembut macam sutun n besar macam big foot,_
Love it very muchhhh thank you seller,_
"Good quality,easy install",_
Maaf kalau gmbr dn video takde kene mengena tapi mmg recommended sgt2 sumpah mmg 5bintang tak tipu,_
mmg bahagian atas tertutup xde lubang,_
Thank Yo,_
tapi tak boleh bawak berat sangat takut terkoyak,_
service pantas,_
Alhamdulillah cantik betul kasut,_
Tiada masalah dengan seller ni,_
Sangat-sangat berpuas hati tak tahu nak diungkapkan lagi,_
Hantar pantas dn selamat,_
"Pada sesi taklimat bersama penganalisis pasaran, Bank Negara Malaysia (BNM) mengunjurkan prospek pertumbuhan lebih baik pada masa hadapan dengan melihat kepada peningkatan dalam aliran KDNK bulanan",_
nice colour tanzanite,_
"Recently, the Department of Environment (DOE) reported a threefold increase in open burning cases in Penang",_
"5 million) in fraudulent low-interest loans, according to a member of the Democratic Party",_
Diterima dalam tempoh masa ditetapkan,_
"everything is greatt , but taktahu kenapa packaging yang dulu lain , yang sekarang lain",_
Mungkin saller xperasan its okay,_
penghantaran cepat dan tiada leaking,_
Good good good good good Good good good good good Good good good good good Good good good good good Good good good good good good good Good good good good good Good good good good good Good good good good good Good good good good good Good good good good good good good,_
Terbaikk servis sorry gmba n video xde kaitan,_
kain mmg mantap even tho its very cheap kan,_
Functionality:very2 good,_
"Local Agenda 21 is a local government-led, community-wide participatory effort to establish comprehensive action for environmental protection and community well-being in a local area",_
Fast delivery from express company,_
My deepest condolences to the families and I pray they will remain strong in facing the loss of their loved ones,_
"Terima kasih brg da lme smpai bru sempat nk nilai,",_
"Webcam ok, best¬≤, cuma courier agak lambat, seminggu baru sampai",_
xtaula bape lame bole tahan,_
Penghantran pantas la jgak,_
Thanks Shopee also Shopee express,_
Much earlier than promise date,_
"dah sampai, penghantaran macam biasa",_
ok tiada yg rosak,_
Yg ni i salah order,_
product uk,_
Quality worth with the money,_
Ready Stock Fashion Clothing short sleeve t Unisex shirt Women / Men loose cotton neck round large size blouse baju wanita hitamno 2 is m or l,_
"Looking forward to try these flavours on my birthday,",_
d: khanzaidali7,_
i love it n delivery very fast indeed,_
Quality:trrbaik dari ladang,_
bila ko ada adik umur 9 tahun be like,_
"Material kain okay,tak tipis atau tebal",_
Supet Fast delivery,_
Rasa waffle sejati,_
3 merah,_
"At one hearing, Marsden called Gray his phone-a-friend for any legislator with questions",_
Saya suka design die,_
cantik gila tk menyesal beli and delivery so fast dalam 2/3 hari je dah sampai thankyou seller,_
Alhamdulillah dh dpt buku ghospital ni,_
"this one is way better, has light and no problem with",_
Syukur de member bole telan,_
Barang cantik Sgt puas hati senang nk guna penghantran pun ok cpt je,_
Item diterima dal keadaan baik walaupun warna lain,_
hari ni order hari ni pos esok terus smpai,_
Quality is ok lah,_
anyway barang sangat baik,_
"kayu berat mcm manalah diorang angkat berkualiti ,besar,semua ok",_
Comel kaler,_
Beli buat hadiah,_
"Guys ,",_
Comel la hong paperbag pun,_
Bile mase sale hari tu,_
No wonder they're on sale,_
Album's in good condition and the delivery quite okay overall I think I'll buy albums from this shop next time,_
Good product magnetic ni sangat bagus kuat,_
Expired Sep 22,_
Sementara dua lagi adalah tonggak 'The Cityboys' iaitu Akram Mahinan dan Kenny Pallraj,_
Baik selesa di pakai dan saiz yg di pilih ialah btul,_
Siap kol sblom delivery,_
tak perlu terlalu laju cuma klu delivery,_
Parcel has arrived at station J&T CDC K,_
That blue really pops out Twitter handle : $MENTION$,_
baby dah boleh lena,_
rack nye xpasang lagi tnggu weekend bru nk pasang,_
"hrga mmpu milik ,",_
"Tinggi 150cm, berat 58kg",_
love you ever,_
"Beli untuk orang, owner suka so no prob",_
"Agak keciL sediKit bukaaN lebar shawl tu,taPi Xpe sbb ia sesuai dgn harga yg berpatutan",_
Semua okay kecuali ada 1 botol sedikit kemek & satu lagi penutup tak match dengan botol,_
24/9,_
"Hey, I'm from india Your videos are great and I watch to get opinions and recommendations on the choices I make while buying electronic goods",_
Kualiti yg sngt puas hati,_
MANTOL TERBAIK MANTOL TERBAIK MANTOL TERBAIK MANTOL TERBAIK MANTOL TERBAIK MANTOL TERBAIK MANTOL TERBAIK MANTOL,_
There is little evidence for other uses,_
Laptop 14 ngam masuk bekas ni,_
mmg ad fast charging,_
benang warna cantik,_
Nice packing and fast delivery long expire date maggi plus egg is my favourite,_
"sangat baik sedap , packing terbaik cepat",_
lakukan balik nama,_
Kain bagi kaler pink tu tak premium,_
Alhamdulillah syukur nikmat rakyat selamat,_
order tengahari,_
Items received safely however the jerseys are very very thin can see through,_
Harap bagus utk sy,_
Baju sudah sampai dlm keadaan baik,_
Dapat diskaun rm10 kira murah sgt dah beli brand ni,_
Alhamdulillah dah banyak kali repeat dgn saller suka sangat beli saller ni penghataran laju,_
"Sangat cepat sampai,baru je order ari 2 hari dah sampai,MMG recommended seller lah,terbaik kedai ni",_
Love you have any questions or concerns please visit the plug-in settings and back of the moon and back of the moon and back of the moon and back of the moon and back of the moon and back of the moon and back of the moon and back of the moon and back of the moon and back of the moon and back of the,_
"seller xda inform pape pun,tapi xpela",_
Harap dpt mmbantu,_
"Response from seller very slow, product not as expected, still unable to install netflix delivery also very slow",_
beli kat husband,_
"Harga makin mahal, alasannya krn protection segala macam, tapi pas driver datang juga nggak pakai protection apa apa kecuali masker",_
Selalu seminggu tak sampai2,_
Beli ni tuk backup dgn controller lain tgh repair sekarang,_
sure sy repeat lagi,_
Bajuuu dah sampai so cantikkkkkkkk ü•∞ü•∞ü•∞ü•∞ü•∞ü•∞ü•∞ i loveeee itttttt,_
letih menaip sebab nak dapatkan coin,_
Thank You sell for free gift ü•∞ü•∞,_
"Ahmad Zahid yang juga Pengerusi Barisan Nasional (BN) berkata, PRN Johor mungkin tidak dapat dielakkan susulan kerajaan ketika ini hanya memiliki kelebihan satu kerusi DUN iaitu 28 kerusi manakala pembangkang 27 kerusi",_
GOOD PRODUCT QUALITY GOOD PRODUCT QUALITYGOOD PRODUCT QUALITYGOOD PRODUCT QUALITY,_
Good job good job good job good job good job good job good but is ok good job good news good job good job good job good job good job good job good job good job good,_
TQ seller Pghntaran yg cepat,_
But his parents grew suspicious with his repeated requests and told their son's roommate to notify the police in Singapore,_
"lajuuu gilaaa mat servis semalam order harini terus abang jnt hantar, memang memudahkan kerja student macam sayaaa, thank youuu seller printing pon helokkkkk",_
sedap pakai x panas,_
90 million) on forecast total prize money for 2021 and a jump of nearly five million pounds ($6,_
Bestttt & terbaik,_
"Thank You Seller,tak pernah mengecewakan",_
mantup,_
great great great great packaging god product quality good value for money,_
service yang,_
Berfungsi mcm biase,_
Tersalah pilih kasut,_
Items look fantastic,_
I tried to report the problem and you say within 5 days we will contact you,_
"i order size M , tinggi 150 cm, berat 46kg",_
"Exactly same with picture, Well done Seller",_
Quality:plastik,_
Baju ok dan cantik cuma tak puas hati kat saiz,_
yg penting selesa tq seller,_
ngam ngam yg hitam,_
Satisfied and very helpful,_
Sorry taktau pulak ade beza card sleeves and card holder apa ii pon sampai dengan baik,_
"BRUSSELS (Reuters) - The European Commission will present by the end of the year new legislative proposals to tackle tax avoidance and tax evasion, the EU tax commissioner Paolo Gentiloni told the European Parliament on Wednesday",_
Lengkap la sudah sambutan Krismas 2021,_
"Thank you very much seller, thank you Shopee express, thank you Mr postman and thank you SHOPEE",_
Beli ni check kesuburan,_
Wet wipes dah sampai,_
Bht it's okay boleh pakai bila perlu nnt,_
"Yes, very good seller, fast delivery, selling very cheap price , high quality, highly recommended seller, you should buy from this seller",_
"Alhamdulillah tak ingat dah berapa kali beli dekat sini, servis laju",_
Cantik kurang suka yang blink2,_
Five STAR rating,_
"Safety:kain tak tebal tak nipis, lembut je",_
Dial *555$HASHTAG$ for Hotlink credit subsidy worth RM180!,_
Harga robux mantap murah paling murah,_
"Quality:kualiti tiptop, letak air ais dari pukul 10 malam, pukul 1 petang pun ada ais lagi",_
"37 mata kepada 6,552",_
terkilan sikit,_
Sangat berguna bagi saya yg berkaki size kecil?,_
"It is delicious, satisfaction to the last drop",_
Kedah tewas kepada JDT 1-0 dalam pertemuan di Stadium Sultan Ibrahim hasil jaringan Arif Aiman Hanapi dalam perlawanan yang menyak,_
2 are great,_
Mmg padu disfection fogging dia,_
Purchase with friends and I forgot to take photo,_
"Item received in good condition, fast delivery, trusted seller",_
"Senang juga, nice dan berbaloi especially utk students",_
apa pun saya bg 5 pada item,_
"Parcel received in good condition, and all the items are in good condition too",_
Plan to fix on my new home next month so can show indoor test only,_
feel so comfy in it and it fits me well,_
Penjual pun cepat proses order Terbaik,_
Gb rcexefrybubugyuvigibibttfycewxwxc we fuvuvybtvyihyb uv yb,_
Suka beli tisu basah ni bkn untk baby aja,_
"well functioning, nice wrapping, fast delivery too, well done seller",_
rugi hampa xambik,_
Best bau herba,_
Bagus ringlight ni,_
InshaAllah akan repeat untuk colour lain pulak,_
Nice cantik dress ni,_
"Another survivor, Marites Sotis, said she would usually serve up meat, spring rolls and salad for Christmas, but her family was struggling after the storm felled most of their coconut trees",_
cume post je lambat daei china,_
keadaan barang yg saya terima ni tk sempurna,_
"According to those who worked on this study, these findings concerning the diagnosis of fractures could potentially be applied in a similar fashion to various diseases and disorders",_
"Heheheh , selesa sya suka saya suka heheh",_
material ok laaaa sepadan dengan harga,_
Memang Puah hati kalau beli,_
Tq seller received with Good condition,_
Ok seluarnya sudah sampai dengan selamat walaupun lambat jugak lah,_
Found the calculation not so accurate,_
"cantik , lg dua adik ii tgh pkai , sng nak bt google meet ü•∞ pghntrn tk brp laju tp bkn slh seller , seller bt kje lju je ü•∞",_
"Verstappen is also a racer who sometimes crosses a line, literally and figuratively",_
"Wallpaper nya kecik,da beli sblm ni x cukup,terrrrpaksa beli lagiiii,nk keluar gi kedai eco x boleee,terpaksaaaa beli on9 walaupn mahal n kecik sizenya",_
Dah sampai bole cuba dulu,_
This app is TRASH along with its other app confirmed,_
Barang diterima dgn selamatnya dan dalam keadaan yg baij,_
maaf video xde kene mengena dgn komen,_
"Nanti ada design lain, nak repeat lagi",_
dapat je terus makan,_
"Maaf, gmbar tiada kena mengena dgn produk yg dibeli",_
Brng slmat smpai cuma lama juga nak tunggu tapi tkpe puas Hati sngt,_
"baju dah lawa, kain pun okay",_
Overall is just OK,_
"Bagi sektor pula, Indeks Perkhidmatan Kewangan menambah 22",_
and lagi satu i dpt batu dia bergerak2,_
later if the camera doesn't work,_
Havent receive my parcel yet,_
last stok yg saya dpt,_
i like penang,_
Barang selamat sampai dalam keadaan baik elok,_
"The wait, however, was tough",_
The binder safely arrived!,_
Taste:nice and aromatic coffee,_
Happy prepping,_
$MENTION$ MAD GAMERS wow ü§£,_
"- Foto IG Yana Samsudin Ditanya keinginannya kembali menduduki kerusi pengarah, Yana mengakui, kurang penerbit mahu berbelanja besar membuatkan hasratnya sukar direalisasikan",_
instructions at the back of Maggie Packet while watching this video,_
towel look like small üßê,_
i can use every photos and i can even invite my mates to edit the slides together,_
"People tend to associate Sabah with nature and the friendly, easy-going people",_
Tq seller tq shopee tq jnt tq semua,_
"Seriously, sangat quality, sedap pakai berbaloi dengan harga, sy bagi jahitan pon kemas",_
"dan untuk kes tidak bergejala, 10 hari selepas ujian positif",_
"No break at all, esp",_
Unboxing inosuke bang pliss,_
Good product and good wrapping packaging,_
suami biasa pakai size XXL sekarang tapi batter amik size 5xl baru selesa,_
Safety:Not too heavy but look tough!,_
"im sooo in love with the material, and it just fit me welll",_
Dh smpai UwU!,_
xngam dgn fiusbox wira saya ehehehe,_
Good product nice service good seller very fast love this will repeat again thank you seller,_
"Kena beli cpt cpt ya, selalu sold out",_
Usu berok teman dia nyayang ikan dia mabuk keton kerana minum susu moktong hahahahahahahhahaha dop baik goh main ginu yent saya sayang moktong kerana dia baik dan azim sayang pokjo,_
I'm just trying,_
Repeat kali kedua dh kt kdai nie,_
tttttttttqqqqqqqqqqqqqqqqqqqqqqqqqqqqqqqqqqqqqqqqqqqqqqqqqqqqqqqqqqqqqqqqqqqqqqqqqqqqqqqqqqqqqqqqqqqqqqqqqqqqqqqqqqqqq,_
aku tak tahu apa yg hilang tpi penghantaran lajulah beli 12,_
Wow berfungsi dengan baik,_
pic xda ksitannnnnnnnn,_
sy beli 2 item1 ok,_
sampai dengan selamat dan penghantaran yang cepat,_
sesuai sangat utk gantung tudung bawal,_
"Regardless of what some might say its obvious that this phone its a brilliant piece of technology , fantastic all-round phone",_
! tak kacau camera quality pun,_
Swift delivery and genuine product,_
in really good condition & quantity,_
Functionality:xnak bagi lutut jd hitam,_
Durability:use casing abit mess up,_
MID:501100549850001,_
Okokokokokokokokokokokokoko okokokokokokokokokokokokoko okokokokokokokokokokokokoko tq,_
"Promonya apalagi, skrg sepi, jadi males pake kalau ga lagi kepepet banget",_
ü§£ü§£ü•∞ü•∞ü§£ü•∞ü§£ü§£ü•∞ü•∞ü•∞ü•∞ü•∞ü•∞ü•∞ü•∞ü•∞ü•∞ü•∞ü•∞ü•∞,_
Siap dgn free gift,_
"Repeat order for second time, delivery fast",_
baju 2 layer seluar 1 layer,_
Kualiti barang setanding dengan harga barang,_
Jayabharati Sundradas Pushpaa Asokan,_
Product just as expected and in good condition!,_
Kta blh adjust,_
"alhmdulillah brng dah lama smpai,tq sellerkain jenis yg sejuk,sngat berbalik dngan hrga",_
Cuma kecewa sikit sebab tak sempat nak pakai masa majlis perkahwinan sepupu,_
Lazada 11,_
"sesuai utk kaki yg biasa pakai saiz 38,39,40 walaupun smpai xde kotak",_
da mcm deco gym da,_
Freegift ada,_
Mmg memuaskan sbb postage pon cpt brg brkualiti dan yg penting snng je pasang dan hrga murah time shocking sale,_
"Packing okay , x try lagi but overall okay will try later",_
service yang paling buruk,_
Comei je sesuai dengan harga,_
All those phones are good,_
Well packed and perfect condition,_
assalamualaikum semua ni dah lama x apa yang berakhir,_
saya dh berkali2 ulang order dgn saller ini,_
"Kali ke 2 beli dgn kedai ni,haritu beli 3 kalini beli lagi 1 ,beli untuk buat beg BOB,bag ni okay laa kalau perepuam bawak ,pastu beg ni zip dia tu tahan ke tak tak sure ,bila beg ni pack dia tak lebar dia jadi panjang",_
Dapat seluar grey dan green,_
96mil on a revenue of RM135,_
puashati dan mantap skali,_
Tq seller for the cutest freegift!,_
Okayyyyyy okayyyyy okayyyyyyy okayyyyyyyy okayyyyyy okayyyyyyyy,_
beli sbb mak bidan kita yg sugest beli jenama ni,_
dah dpt pro,_
"Senang just dap dap tapi first Janggal jugak tak reti guna tapi senang guna ni tak renyah nk but kening lama2 ,sesuai utk beginner yg baru belajar make up",_
Delivery: 7 days from China to Malaysia,_
tak keras pun,_
"Thanks seller, this is 3rd time bought the bag",_
Item boleh laras dan berfungsi,_
Texture:Halus sgt,_
And J&T super crazy just you order delivered in 24 hours,_
Dan 4nya semua mcm wrna sy nak,_
Mask bagus order semua sampai cukup selesa di pakai terima kasih,_
Very good Quality!Good Packaging,_
"Sudah test voltage in dan out, tunggu dashcam sampai baru buat pemasangan penuh, harga berpatutan",_
"Packaging very good, well protected",_
Purchased many time,_
belum pernah cuba,_
Taste:The coffee super good!,_
"Received, but inside kinda messy!",_
"Functionality:memang sangat berpatutan dengan harga yang ditawarkan,",_
"doakan sy byk duit , boleh sy beli byk2 kat zanzea",_
Shipping lmbt sikit,_
Saya baru nk mencuba pakai tudung bidang 50,_
everthing received in good condition,_
Malah akun anda di bekukan,_
Video x dak kna mengena,_
Perlu tambah subscription 6 bulan atau setahun,_
bought 4 for my anakbuah!,_
Fast delivery and received in good condition Thank you!,_
Finally after a week baru sampai,_
Okeyy is a great man and he has been very good with him and I will be able and I love you too and I hope you guys are well and you have a wonderful weekend and a wonderful day at the best and good luck with the best man and love and miss all you and your love of your family man love wan love mama ma,_
ü´∂ SUMPAH BOLEH REPEAT BELI LAGIü•∞ü•∞ü•∞ü•∞ü•∞ü•∞ü•∞ü•∞,_
"So far is ok just after wash the cream,",_
ü§£ ü§£ ü§£ ü§£ ü§£ ü§£ ü§£ ü§£,_
Very cheap and worthy,_
"Selipar dah sampai bosku, cun2 sarung kat kaki,",_
Fyz is my favorite herbs store,_
"Walaupun jual murah, tp apa slhnya kalau upgrade servis tu",_
Penghantaran lambat juga huhu,_
Berminat boleh whatsapp,_
s not connected,_
The nose part is difficult to put it in,_
Barang d terima dapam keadaan baik pembukusan yg kemas akan repeat order lg,_
Love their cereals,_
"Disebabkan keadaan sgt mendesak utk sy dapatkan tablet ats urusan kerja, beranikn diri beli melalui shopee",_
"Also, I hope your promos don't have minimum spend, that defeats the purpose of promos",_
"Tnya kawan, kawan2 pn ckp wana putih",_
cume smpai kt mlaysia,_
Hgshsjsjsjdndhbdbdbdbdhdhsjsjsjsjsjjsjsjshsusususususys,_
"Katanya muat elok, x longgar",_
Keliru di menit <a href=$URL$,_
Sooooo fluffy !,_
The app always stops automatically,_
dpt join mum club ap bagai,_
Minuman dari rumah seperti minuman kafe mahal!,_
Taste:Refresh and not too sweet,_
Mgkn dia dh mmg ada sakit yg dia sndri tktau dn something dlm box tu trigger pnyakit dia,_
"Thank you seller, sy beli",_
The device seem quite promising,_
I'm happy to received all of it,_
"received w thanks parcel arrived safely, thank you much for fast delivery and service, all items in good condition",_
Packaging sgt okay,_
Why are the Olympic Games every four years?,_
"Maaf vd xb'kaitan,",_
dah tgk ok,_
3 sbb produk smpi kemik,_
3 lagi random,_
Cari yg size 10 cm tp out of stock,_
haih tpi best la seluar mcm biasa kita pkai,_
Items received with safely,_
"Received item in a good condition, seller had wrapped it nicely, credit to seller, no defect on the item",_
Normally pakai 38,_
Srs sedap oki yang ni,_
aplikaai yg jelas sangat membantu,_
kain sempit,_
Sudah tiba masanya untuk berpisah tapi ianya merupakan penghormatan yang amat besar,_
"Brg sampai elok,",_
sedap dah 3x repeat order,_
RM0 Balas OK untuk dapatkan Credit Advance RM2 secara automatik apabila kredit anda mencecah RM1,_
Healthy product with nice chocolate flavour Fast delivery,_
Poslaju peram 2 hari,_
"Tu je, nasib tak masuk dlm pek bungkusan ramen yg besar tu",_
Boleh la pakai kt umah atau buat bju tdur,_
"Alhamdulillah barang semua dapat,lengkap",_
getting the camera below than rm150 - it is a good investment,_
Luckily the item was not damaged :) and I expect this item like new but I am so sad the item have some scratch on the cover screen also the screen camera :'( btw don't forgot to add on SD Card,_
"Swim suit for men ok, good kualiti, cuma besor sikit untuk anak",_
terbaik memang terbaik,_
Sebab warna putih,_
Sellee post item yg betul seperti yg dipilih,_
Best price buying from official store,_
Awning pki helok kat muka Nmpk slim thx,_
"penghantaran lajuuu , cantik semuanya abang posmen jnt terbaiklah , redah banjir hantar barang saya ü§£ haha",_
Taste:Tried Cafe Au Lait & Cortado,_
"It 's not working, the zip lock is not working",_
Semua barang sampai dengan kuantiti yang betul dan dalam keadaan baik,_
ITEM TERBAIK,_
internal materials lousy one hahahha,_
: 21/05/2022,_
bgus pkai band ni boleh guna nanty repeat lagi bnda len plak,_
mmg muat2 utk anak umur 3 tahun,_
fast delivery and good packeging,_
NFL,_
Why would I want to keep folding and unfolding it every time I need to access apps!,_
Spupu saya ade jual myjamu,_
Metode debit/kredit gagal juga,_
Tq seller barang sampai dengan selamat dan penghantaran cepat walaupon dri China,_
cheap la and kena dgn harga cuma kat handle tu senang tercabut,_
produk kualiti okay,_
expired pun lambat ag,_
Delivery: ordered on the 6th Oct and received on 8th Oct,_
"Penghantaran super laju, smlm order harini sampai",_
Maaf pic xda kena mengena ya,_
tDone English exercise on Wed,_
Thankyouuuuuuuuuuuuhuhuhuhuhuuuhu ü§£ü§£ü§£ü•∞ü•∞ü•∞,_
borong banyak kali ni,_
123665189-1620798460,_
The video is crystal clear and easy to use,_
saya sukaaa kedai nii,_
comel jeü§ó,_
Mesra cepat Dan betul,_
tq tq tq seller,_
Tq seller best guna senang nak vakum rumah,_
Even the packaging wrapped very well I still can smell the coffee,_
"Great potential, Samsung has a new flip to make",_
B4 this beli design lain,_
Yeayy i pull doyoung ku cayunkkk <3 hehe beli time saleeee murah je,_
Ngam boss terima kasih,_
$MENTION$ Chiu,_
Tp nak lebih mudah bukak youtube je,_
pghantaran yg laju,_
delivery not take to long to arrived,_
Batang smpai sgt cpt,_
But I think it look a bit too small right,_
"jangan tunggu lagi, order la sekarangggggggggggg",_
Akhirnye brg smpai jugak,_
"seller pn terbaik,call bgtahu stok spegeti",_
brg ¬≤nya pn berkualiti,_
Lawa lawa lawaaaa,_
bos barang sudah sampai dalam keadaan baik tpon semua okey lambat sikit guna shopee ekpres,_
Sesuai utk kaki movie mcm aq ni hahaha,_
Kalau order dekat fb lambat sampai,_
For now it working just fine :),_
at night only reply,_
Agak mahal juga cuma 1 ni je harga camgitu,_
IDN - BKI have a safe arrive ü§ù packing,_
"Barang dah sampai Dalam keadan baik, bungkusan kemas",_
Just ok got some defects but it's ok just a little bit only hm k,_
: 3XL!4XL!,_
9/913/9,_
5 star ~ü§™,_
"Size, better beli extra 2 size",_
Pdhal guna hotspot ja,_
Memang cantik dan elok sangat¬≤,_
Nanti saya borong banyak22 taw heheheehhe,_
Product of China not direct from Korea,_
"So well wrapped, only thing it took a long time to come",_
"I received the mask in a few days after I purchased, the mask package is very good, it is genuine neutrovis, it is worth recommending",_
Love ittü•π Good product quality,_
Blh buat jacket!,_
very nice n cute easy to use,_
Didnt expect this nag would be this big,_
Goh Mei Ting,_
Sedap pedas dia perhhh,_
kasut mmg padu teruk,_
"Semua ok, delivery pantas, kualiti ok, packaging pun nice, bau wangi giler, harap tahan lama laa, nnti bleh repeat lg, hehe, tq seller, keep it up!",_
Please prepare cash amount of RM 139,_
So far nampak ok tapi belum try lagi,_
Feel secured and will buy coffee equipment in future,_
Cantik teroksss condition semua skirt,_
tq bos brang dh smpai padu dn cantik,_
"Having chatted on Shopee Chat, seller has assisted me in correcting it and now all works well",_
untuk kawan2 anak,_
sesuai la kalau nak isi dokumen-dokumen,_
mco1,_
ok yini kedai mmg recomended beli weii,_
Minor issues as shown in picture but nothing major,_
Kualiti kain sgt bagus dan hrga sgt2 berbaloi,_
i like to swim !,_
try today it soft after using word of money will buy again,_
"Daripada expose awek baik expose mak , syurga bawah telapak kaki mak kan bukan dekat telapak kaki awek kau , eh tak marah aku bagitahu je ni",_
Grab us much better but less local or food stalls options,_
Took only less than 2 days to receive,_
Getah cute sangat ü•∫ all kaler semua cukup,_
Sory video tiada kne mngena,_
"Mmg guna deterrgent momo shja,noy onlu for babg but the whole family",_
sbb kejap masuk cas,_
Only thing to improve is the emblem logo,_
bila sarung ke ats baru perasan koyak dkt topi baju belah nlakang tu,_
Genuine seller!,_
Recommend saiz s,_
Mmg terbaik & senangkan kerja gosok baju,_
"With that price, i can get a cheap bag and it is good, the mirror and good one is suitable for 2 pcs",_
Sudah sampai terima kasih boh jumpa lagi nanti and papa are doing well with the family today so we can plan a trip,_
Fast deliveryRepeat order again because my daughter like to eat ^_^,_
Enak nya itu seandainya dekat sy mau beli,_
"sudah smpai,quality ok",_
Waterproof:5 star,_
*Allahumma solli ala Saiyidina Muhammad wa'ala a'li Saiyidina Muhammad*,_
Easy to put all your cards,_
"They offer half-baked, weak solutions when called to account, but they will never willingly give up the algorithm-driven manipulation and ownership of the American mind and the cash cow it represents",_
Skin Suitability:Yg warna coklat bau chemical warnanya agak kuat,_
"Cepat, pantas, terbaik, mantap",_
sorry video x amik tq,_
Sorry kpd seller,_
Taste:good for sure,_
Dah habis di makan baru teringat nak review,_
Very good offer recommended will buy again nice product good,_
Lembut kain cantik comel je huhuhuhuhuhuhuhuhuhu,_
Xperlah semua ok,_
Really fast delivery and good item,_
Anything boleh tengok gambar & Video ye kawan2,_
Calar sikit kat casing but it works,_
The yield on 10-year Treasury notes fell 7,_
Jenny TD,_
"But given that most of the transactions are backed by wealth rather than income, property prices are unlikely to come back down in a sustainable manner, she says",_
Items are fresh as indicated by the longer expiry date,_
"That brought the number of civilians killed by security forces to 62 since the coup, according to the doctors, who have also accused the military of repeatedly raiding medical facilities treating injured protesters and attacking staff",_
This is mu second time buying from this seller,_
Saya suka saya suka syaa sukaaaaa,_
Brg smpi dlm keadaan yg elok baik,_
Penghantaran yg cepat n terbaik,_
hantar tanya dlu utk confirm player support tak camera ni,_
Gambar Dan vedio tidak ada kena mengena,_
Jbaeon parktesco,_
cuma kena beli besar sikit,_
"Flare dia kembang sangat, bagi saya, saya tak minat",_
Balutan jugak sangat2 bagus,_
ndjdjdjjd,_
"5 here is almost identical with its predecessors, innovation",_
"Item received as described, nicely packed and value for money, hope can kill cockroaches",_
"Kain lembut sedap, size macam dalam gambar",_
Quality padu bukan yg lembik lembik memang betul kukuh dan keras,_
"Yeayyy my album already arrived today, thankyou for the great service and fast delivery",_
But that $599 price is really tempting,_
Puas redah hujan,_
Love bekas powder ni sbb ada penutup kat dalam yg elak powder tu leak,_
5hinggit je kan,_
makanan tu okeyy kucingg sukaa dia amik bawak larii tapi belii sikit je penghantaran cepatt,_
Maybe it would be better kalau ada grip dekat bawah socks,_
"Items are well packaged and received in good condition,",_
Vinyl floor sudah sampai dengan selamat dalam keadaan baik penghantaran poslaju cepat hantar sampai rumah,_
cuma bungkusan kurang secure better letak dalam kotak supaya takde item yang hancur,_
Terus beli,_
"fast delivery, received in good condition, good quality thanks",_
seller agak lewat post barang,_
Good product and fast delivery Good product and fast delivery Good product and fast delivery Good product and fast delivery Good product and fast delivery Good product and fast delivery Good product and fast delivery Good product and fast delivery Good product and fast delivery Good product and fast,_
cantik n,_
Received item safely,_
Nice product and excellent service by seller,_
"Size agak besar, better beli size lagi kecik",_
RE ADDING THE BANANA TO,_
"Jadi, kami keluarga drama Hati Yang Dikhianati menggunakan waktu cuti untuk membantu mereka yang memerlukan",_
Will repeat order again*,_
jnt telah unpack dan buang,_
Really helpful in assignment,_
tak tahu nak cakap macamana,_
Bungaaaaassa diaaaa cantikkkkkkkkkkkkkkkkkkkkkkkkkkk,_
Repeat kat seller yg sama,_
Tak payah susah2 nak pasang cari tools,_
Eyeliner o,_
"Tali face mask setakat pakai dlm 5 helai, belum ada yg terputus",_
apapun penghantaran laju gila smpai ke sabah ni,_
kind of shoock proof,_
Jam ok berfungsi dengan baik,_
"order harini , harini post out , esok nya sampai dah",_
Too well packed,_
"barang sampai elok,kotak di balut kemas",_
Quality:luv the quality,_
"Brg berkualiti, berbaloi dgn harga",_
berat makin susut dan paling best,_
Cuma penghantaran agak lambat ikut kan dekat je,_
Beli¬≤ jgn x beli,_
Kualiti oklah dengan harga,_
Halim Kampung Pasir,_
Over 80 trees were planted at an empty plot of land belonging to a resident,_
beli masa promosi rm18 jerr,_
sy guna utk pdpr,_
Barang sampai dengan pantas seller laju buat kerja,_
Agak nipis tak terlalu pendek tak terlalu pjg,_
Cuma seller packing xde bubble,_
Quality sesuai gan harga,_
"Maaf gmbr xda kaitan,tak sempat tangkap gmbr",_
free sea shipping within a month,_
apa pun tq sgt dekat seller,_
it lags,_
Penghtran sgt cpt,_
"Never try it, so im not sure how easy to use it, but hopefully it will nicely fit",_
Second time bought it,_
Selama ni tiada masalah dengan kasut diterima,_
free lock banyak,_
harap2 berbaloi laaa hendaknya,_
Very fast delivery Parcel was packed nicely,_
"Good service and excellent quality service, thanks for your service, fast delivery good",_
ba tapos tatanggalan nyo,_
Sejauh ini sangat membantu saya,_
"Sorry gambar tak ada kena mengena,sebab belikan untuk orang lain",_
maaf gambar tak lena mengena,_
"Belii,",_
saya cuba ye,_
tak leras dan tak lembik sgt,_
Selalu repeat order setia dgn touch,_
ukuran bahu kain semua ngm,_
t see them,_
Boleh laa untuk budak2 main,_
and this is the best one ive bought,_
